Tag,Description,Signal Type,I/O Type,Rack,Slot,Channel,Address,Panel,Terminal,Cable,Core,Field Device,Manufacturer,Model,Range Low,Range High,Units,Fail Safe State,Normally,Alarm Low,Alarm High,Trip,Interlock Ref,Loop Drawing,Tested FAT,Tested SAT,Comment
XV-101-ZSO,Inlet valve open limit,24VDC Sourcing,DI,1,2,0,%I0.0,CP-01,X1:01,C-101,1,Proximity switch,,,,,,,NO,,,,INT-001,LD-101,,,
XV-101-ZSC,Inlet valve closed limit,24VDC Sourcing,DI,1,2,1,%I0.1,CP-01,X1:02,C-101,2,Proximity switch,,,,,,,NC,,,,INT-001,LD-101,,,
PB-START,Start pushbutton,24VDC Sourcing,DI,1,2,2,%I0.2,CP-01,X1:03,C-102,1,Pushbutton green,,,,,,,NO,,,,,LD-102,,,
PB-STOP,Stop pushbutton,24VDC Sourcing,DI,1,2,3,%I0.3,CP-01,X1:04,C-102,2,Pushbutton red,,,,,,,Energised,NC,,,,,LD-102,,,
ESTOP-01,Emergency stop station 1,24VDC Dual channel,DI Safety,1,3,0,%I2.0,CP-01,X2:01,C-103,1-2,E-stop mushroom,,,,,,,De-energised,NC,,,Yes,SF-001,LD-103,,,
GS-101,Guard door switch,24VDC Dual channel,DI Safety,1,3,2,%I2.2,CP-01,X2:03,C-104,1-2,Interlock switch,,,,,,,De-energised,NC,,,Yes,SF-002,LD-104,,,
FT-101,Feed flow transmitter,4-20mA 2-wire,AI,1,4,0,%IW64,CP-01,X3:01,C-201,1-2,Flow transmitter,,,0,50,m3/h,Hold last,,5,45,,,LD-201,,,
LT-101,Feed tank level,4-20mA 2-wire,AI,1,4,1,%IW66,CP-01,X3:03,C-202,1-2,Level transmitter,,,0,100,%,Hold last,,10,90,95,INT-002,LD-202,,,
TT-101,Reactor temperature,RTD Pt100 3-wire,AI,1,5,0,%IW80,CP-01,X4:01,C-203,1-3,RTD,,,0,200,degC,Upscale,,,150,180,INT-003,LD-203,,,
MTR-101-RUN,Feed pump run command,24VDC Sourcing,DO,1,6,0,%Q0.0,CP-01,X5:01,C-301,1,Contactor coil,,,,,,,De-energised,,,,,,LD-301,,,
MTR-101-FBK,Feed pump running feedback,24VDC Sourcing,DI,1,2,4,%I0.4,CP-01,X1:05,C-301,2,Auxiliary contact,,,,,,,NO,,,,,LD-301,,,
XV-101-SOL,Inlet valve solenoid,24VDC Sourcing,DO,1,6,1,%Q0.1,CP-01,X5:02,C-302,1,Solenoid valve,,,,,,,De-energised,,,,,,LD-302,,,
LMP-FAULT,Fault beacon,24VDC Sourcing,DO,1,6,2,%Q0.2,CP-01,X5:03,C-303,1,Beacon red,,,,,,,De-energised,,,,,,LD-303,,,
FCV-101,Feed control valve,4-20mA,AO,1,7,0,%QW96,CP-01,X6:01,C-401,1-2,Control valve positioner,,,0,100,%,Fail closed,,,,,,LD-401,,,
