request_id,manufacturer,product_family,requested_part,part_key,selection_state,status,official_lookup_url,local_path,sha256,revision,document_date
CAD-0001,Siemens,SIMATIC S7-1200 classic,CPU 1212C DC/DC/DC,6ES7212-1AE40-0XB0,Exact catalog seed,linked_local,https://www.siemens.com/cax,/home/egrantjr/Documents/Reference Library/Manuals & Datasheets/6ES72121AE400XB0_datasheet_en.pdf,99153e5bfee30d1e5853bd23595554f4080ae79223638fd46ecf11d57e3e655c,,
CAD-0002,Siemens,SIMATIC S7-1200 classic,CPU 1214C DC/DC/DC,6ES7214-1AG40-0XB0,Exact catalog seed,pending_download,https://www.siemens.com/cax,,,,
CAD-0003,Siemens,SIMATIC S7-1200 classic,CPU 1215C DC/DC/DC,6ES7215-1AG40-0XB0,Exact catalog seed,pending_download,https://www.siemens.com/cax,,,,
CAD-0004,Siemens,SIMATIC S7-1200 classic,CPU 1212FC DC/DC/DC,6ES7212-1AF40-0XB0,Exact catalog seed,pending_download,https://www.siemens.com/cax,,,,
CAD-0005,Siemens,SIMATIC S7-1200 classic,CPU 1212C AC/DC/relay,6ES7212-1BE40-0XB0,Exact catalog seed,pending_download,https://www.siemens.com/cax,,,,
CAD-0006,Siemens,SIMATIC S7-1200 classic,CPU 1214C DC/DC/relay,Siemens CPU 1214C DC/DC/relay,Configuration required,pending_part_selection,https://www.siemens.com/cax,,,,
CAD-0007,Siemens,SIMATIC S7-1200 classic,CPU 1215C DC/DC/relay,Siemens CPU 1215C DC/DC/relay,Configuration required,pending_part_selection,https://www.siemens.com/cax,,,,
CAD-0008,Siemens,SIMATIC S7-1200 G2,CPU 1212C G2 DC/DC/DC,Siemens CPU 1212C G2 DC/DC/DC,Configuration required,pending_part_selection,https://www.siemens.com/cax,,,,
CAD-0009,Siemens,SIMATIC S7-1200 G2,CPU 1214C G2 DC/DC/DC,Siemens CPU 1214C G2 DC/DC/DC,Configuration required,pending_part_selection,https://www.siemens.com/cax,,,,
CAD-0010,Siemens,SIMATIC S7-1200 G2,S7-1200 G2 F-CPU,Siemens S7-1200 G2 F-CPU,Configuration required,pending_part_selection,https://www.siemens.com/cax,,,,
CAD-0011,Siemens,SIMATIC Memory Card,24 MB memory card,6ES7954-8LF03-0AA0,Exact catalog seed,pending_download,https://www.siemens.com/cax,,,,
CAD-0012,Siemens,SIMATIC Memory Card,Additional supported capacities,Siemens 6ES7954 memory card,Configuration required,pending_part_selection,https://www.siemens.com/cax,,,,
CAD-0013,Siemens,SIMATIC S7-1200 SM,SM 1221 DI 8 24 VDC,6ES7221-1BF32-0XB0,Exact catalog seed,pending_download,https://www.siemens.com/cax,,,,
CAD-0014,Siemens,SIMATIC S7-1200 SM,SM 1221 DI 16 24 VDC,6ES7221-1BH32-0XB0,Exact catalog seed,pending_download,https://www.siemens.com/cax,,,,
CAD-0015,Siemens,SIMATIC S7-1200 SM,SM 1222 DQ 8 transistor,6ES7222-1BF32-0XB0,Exact catalog seed,pending_download,https://www.siemens.com/cax,,,,
CAD-0016,Siemens,SIMATIC S7-1200 SM,SM 1222 DQ 16 transistor,6ES7222-1BH32-0XB0,Exact catalog seed,pending_download,https://www.siemens.com/cax,,,,
CAD-0017,Siemens,SIMATIC S7-1200 SM,SM 1222 DQ 8 relay,6ES7222-1HF32-0XB0,Exact catalog seed,pending_download,https://www.siemens.com/cax,,,,
CAD-0018,Siemens,SIMATIC S7-1200 SM,SM 1222 DQ 16 relay,6ES7222-1HH32-0XB0,Exact catalog seed,pending_download,https://www.siemens.com/cax,,,,
CAD-0019,Siemens,SIMATIC S7-1200 SM,SM 1223 DI8/DQ8 transistor,6ES7223-1BH32-0XB0,Exact catalog seed,pending_download,https://www.siemens.com/cax,,,,
CAD-0020,Siemens,SIMATIC S7-1200 SM,SM 1223 DI16/DQ16 transistor,Siemens SM 1223 DI16 DQ16 S7-1200,Configuration required,pending_part_selection,https://www.siemens.com/cax,,,,
CAD-0021,Siemens,SIMATIC S7-1200 SM,SM 1231 AI 4 voltage/current,6ES7231-4HD32-0XB0,Exact catalog seed,pending_download,https://www.siemens.com/cax,,,,
CAD-0022,Siemens,SIMATIC S7-1200 SM,SM 1231 AI 8 voltage/current,6ES7231-4HF32-0XB0,Exact catalog seed,pending_download,https://www.siemens.com/cax,,,,
CAD-0023,Siemens,SIMATIC S7-1200 SM,SM 1231 RTD AI 4,6ES7231-5PD32-0XB0,Exact catalog seed,pending_download,https://www.siemens.com/cax,,,,
CAD-0024,Siemens,SIMATIC S7-1200 SM,SM 1231 RTD AI 8,6ES7231-5PF32-0XB0,Exact catalog seed,pending_download,https://www.siemens.com/cax,,,,
CAD-0025,Siemens,SIMATIC S7-1200 SM,SM 1231 TC AI 4,6ES7231-5QD32-0XB0,Exact catalog seed,pending_download,https://www.siemens.com/cax,,,,
CAD-0026,Siemens,SIMATIC S7-1200 SM,SM 1231 TC AI 8,6ES7231-5QF32-0XB0,Exact catalog seed,pending_download,https://www.siemens.com/cax,,,,
CAD-0027,Siemens,SIMATIC S7-1200 SM,SM 1232 AQ 2,6ES7232-4HB32-0XB0,Exact catalog seed,pending_download,https://www.siemens.com/cax,,,,
CAD-0028,Siemens,SIMATIC S7-1200 SM,SM 1232 AQ 4,6ES7232-4HD32-0XB0,Exact catalog seed,pending_download,https://www.siemens.com/cax,,,,
CAD-0029,Siemens,SIMATIC S7-1200 SM,SM 1234 AI4/AQ2,6ES7234-4HE32-0XB0,Exact catalog seed,pending_download,https://www.siemens.com/cax,,,,
CAD-0030,Siemens,SIMATIC S7-1200 SM,SM 1278 IO-Link Master,6ES7278-4BD32-0XB0,Exact catalog seed,pending_download,https://www.siemens.com/cax,,,,
CAD-0031,Siemens,SIMATIC S7-1200 F-I/O,SM 1226 F-DI 16,6ES7226-6BA32-0XB0,Exact catalog seed,pending_download,https://www.siemens.com/cax,,,,
CAD-0032,Siemens,SIMATIC S7-1200 F-I/O,SM 1226 F-DQ 4 24 VDC,6ES7226-6DA32-0XB0,Exact catalog seed,pending_download,https://www.siemens.com/cax,,,,
CAD-0033,Siemens,SIMATIC S7-1200 F-I/O,SM 1226 F-DQ relay 2,6ES7226-6RA32-0XB0,Exact catalog seed,pending_download,https://www.siemens.com/cax,,,,
CAD-0034,Siemens,SIMATIC NET/S7-1200,CM 1241 RS-422/485,6ES7241-1CH32-0XB0,Exact catalog seed,pending_download,https://www.siemens.com/cax,,,,
CAD-0035,Siemens,SIMATIC NET/S7-1200,CM 1241 RS-232,6ES7241-1AH32-0XB0,Exact catalog seed,pending_download,https://www.siemens.com/cax,,,,
CAD-0036,Siemens,SIMATIC NET/S7-1200,CP 1243-1 Security,6GK7243-1BX30-0XE0,Exact catalog seed,pending_download,https://www.siemens.com/cax,,,,
CAD-0037,Siemens,SIMATIC NET/S7-1200,CM 1242-5 PROFIBUS DP slave,6GK7242-5DX30-0XE0,Exact catalog seed,pending_download,https://www.siemens.com/cax,,,,
CAD-0038,Siemens,SIMATIC NET/S7-1200,CSM 1277 unmanaged Ethernet switch,6GK7277-1AA10-0AA0,Exact catalog seed,pending_download,https://www.siemens.com/cax,,,,
CAD-0039,Siemens,SIMATIC NET,SCALANCE XB005 unmanaged switch,Siemens SCALANCE XB005,Configuration required,pending_part_selection,https://www.siemens.com/cax,,,,
CAD-0040,Siemens,SIMATIC NET,SCALANCE XB008 unmanaged switch,Siemens SCALANCE XB008,Configuration required,pending_part_selection,https://www.siemens.com/cax,,,,
CAD-0041,Siemens,SIMATIC NET,SCALANCE XC managed switch,Siemens SCALANCE XC managed switch,Configuration required,pending_part_selection,https://www.siemens.com/cax,,,,
CAD-0042,Siemens,SIMATIC NET,IE FC RJ45 field plug,Siemens IE FC RJ45 Plug,Configuration required,pending_part_selection,https://www.siemens.com/cax,,,,
CAD-0043,Siemens,SIMATIC NET,PROFINET M12 connector,Siemens IE M12 PROFINET,Configuration required,pending_part_selection,https://www.siemens.com/cax,,,,
CAD-0044,Siemens,SIMATIC NET,SIMATIC NET IE FC cable,Siemens SIMATIC NET IE FC cable,Configuration required,pending_part_selection,https://www.siemens.com/cax,,,,
CAD-0045,Siemens,SIMATIC PM 1207,PM 1207 power supply,6EP1332-1SH71,Exact catalog seed,pending_download,https://www.siemens.com/cax,,,,
CAD-0046,Siemens,SITOP,SITOP PSU6200 24 VDC power supply,Siemens SITOP PSU6200 24 VDC power supply,Configuration required,pending_part_selection,https://www.siemens.com/cax,,,,
CAD-0047,Siemens,SITOP,SITOP PSU8200 24 VDC power supply,Siemens SITOP PSU8200 24 VDC power supply,Configuration required,pending_part_selection,https://www.siemens.com/cax,,,,
CAD-0048,Siemens,SITOP,SITOP PSE202U redundancy module,Siemens SITOP PSE202U redundancy module,Configuration required,pending_part_selection,https://www.siemens.com/cax,,,,
CAD-0049,Siemens,SITOP,SITOP PSE200U selectivity module,Siemens SITOP PSE200U selectivity module,Configuration required,pending_part_selection,https://www.siemens.com/cax,,,,
CAD-0050,Siemens,SENTRON 3LD2,Switch disconnector,Siemens SENTRON 3LD2 Switch disconnector,Configuration required,pending_part_selection,https://www.siemens.com/cax,,,,
CAD-0051,Siemens,SENTRON 3LD2,Door-coupling rotary handle,Siemens SENTRON 3LD2 Door-coupling rotary handle,Configuration required,pending_part_selection,https://www.siemens.com/cax,,,,
CAD-0052,Siemens,SENTRON 3LD2,Extension shaft and shaft coupler,Siemens SENTRON 3LD2 Extension shaft and shaft coupler,Configuration required,pending_part_selection,https://www.siemens.com/cax,,,,
CAD-0053,Siemens,SENTRON 3LD2,Padlockable door interlock mechanism,Siemens SENTRON 3LD2 Padlockable door interlock mechanism,Configuration required,pending_part_selection,https://www.siemens.com/cax,,,,
CAD-0054,Siemens,SENTRON 3LD2,Auxiliary contact,Siemens SENTRON 3LD2 Auxiliary contact,Configuration required,pending_part_selection,https://www.siemens.com/cax,,,,
CAD-0055,Siemens,SENTRON 3LD2,Terminal cover,Siemens SENTRON 3LD2 Terminal cover,Configuration required,pending_part_selection,https://www.siemens.com/cax,,,,
CAD-0056,Siemens,SENTRON 3VA,Molded-case circuit breaker,Siemens SENTRON 3VA Molded-case circuit breaker,Configuration required,pending_part_selection,https://www.siemens.com/cax,,,,
CAD-0057,Siemens,SENTRON 3VA,Door-coupling operator and shaft,Siemens SENTRON 3VA Door-coupling operator and shaft,Configuration required,pending_part_selection,https://www.siemens.com/cax,,,,
CAD-0058,Siemens,SENTRON 5SY,Miniature circuit breaker,Siemens SENTRON 5SY Miniature circuit breaker,Configuration required,pending_part_selection,https://www.siemens.com/cax,,,,
CAD-0059,Siemens,SENTRON 3VA,Molded-case circuit breaker,Siemens SENTRON 3VA Molded-case circuit breaker,Configuration required,pending_part_selection,https://www.siemens.com/cax,,,,
CAD-0060,Siemens,SIRIUS 3RV2,Motor starter protector,Siemens SIRIUS 3RV2 Motor starter protector,Configuration required,pending_part_selection,https://www.siemens.com/cax,,,,
CAD-0061,Siemens,SENTRON 3NA,NH fuse,Siemens SENTRON 3NA NH fuse,Configuration required,pending_part_selection,https://www.siemens.com/cax,,,,
CAD-0062,Siemens,SITOR 3NE,Semiconductor-protection fuse,Siemens SITOR 3NE Semiconductor-protection fuse,Configuration required,pending_part_selection,https://www.siemens.com/cax,,,,
CAD-0063,Siemens,SENTRON 3NP,Fuse switch disconnector,Siemens SENTRON 3NP Fuse switch disconnector,Configuration required,pending_part_selection,https://www.siemens.com/cax,,,,
CAD-0064,Siemens,SENTRON 3NW,Cylindrical fuse holder and fuse,Siemens SENTRON 3NW Cylindrical fuse holder and fuse,Configuration required,pending_part_selection,https://www.siemens.com/cax,,,,
CAD-0065,Siemens,SENTRON 5SD7,Surge-protection device,Siemens SENTRON 5SD7 Surge-protection device,Configuration required,pending_part_selection,https://www.siemens.com/cax,,,,
CAD-0066,Siemens,SIRIUS 3RT2/3RT7,Motor contactor,Siemens SIRIUS 3RT2/3RT7 Motor contactor,Configuration required,pending_part_selection,https://www.siemens.com/cax,,,,
CAD-0067,Siemens,SIRIUS 3RA,Reversing contactor assembly,Siemens SIRIUS 3RA Reversing contactor assembly,Configuration required,pending_part_selection,https://www.siemens.com/cax,,,,
CAD-0068,Siemens,SIRIUS 3RA,Star-delta starter assembly,Siemens SIRIUS 3RA Star-delta starter assembly,Configuration required,pending_part_selection,https://www.siemens.com/cax,,,,
CAD-0069,Siemens,SIRIUS 3RH2/3RH7,Intermediate/control relay,Siemens SIRIUS 3RH2/3RH7 Intermediate/control relay,Configuration required,pending_part_selection,https://www.siemens.com/cax,,,,
CAD-0070,Siemens,SIRIUS 3RU2/3RU7,Thermal overload relay,Siemens SIRIUS 3RU2/3RU7 Thermal overload relay,Configuration required,pending_part_selection,https://www.siemens.com/cax,,,,
CAD-0071,Siemens,SIRIUS 3RB3,Electronic overload relay,Siemens SIRIUS 3RB3 Electronic overload relay,Configuration required,pending_part_selection,https://www.siemens.com/cax,,,,
CAD-0072,Siemens,SIRIUS 3RA6,Compact starter,Siemens SIRIUS 3RA6 Compact starter,Configuration required,pending_part_selection,https://www.siemens.com/cax,,,,
CAD-0073,Siemens,SIRIUS 3RQ3,Coupling/interface relay,Siemens SIRIUS 3RQ3 Coupling/interface relay,Configuration required,pending_part_selection,https://www.siemens.com/cax,,,,
CAD-0074,Siemens,SIRIUS,Auxiliary contact block,Siemens SIRIUS Auxiliary contact block,Configuration required,pending_part_selection,https://www.siemens.com/cax,,,,
CAD-0075,Siemens,SIRIUS,Coil surge suppressor,Siemens SIRIUS Coil surge suppressor,Configuration required,pending_part_selection,https://www.siemens.com/cax,,,,
CAD-0076,Siemens,SIRIUS,Mechanical/electrical interlock,Siemens SIRIUS Mechanical/electrical interlock,Configuration required,pending_part_selection,https://www.siemens.com/cax,,,,
CAD-0077,Siemens,SIRIUS,Busbar or link module,Siemens SIRIUS Busbar or link module,Configuration required,pending_part_selection,https://www.siemens.com/cax,,,,
CAD-0078,Siemens,SIRIUS 3SK1/3SK2,24 VDC safety relay,Siemens SIRIUS 3SK1/3SK2 24 VDC safety relay,Configuration required,pending_part_selection,https://www.siemens.com/cax,,,,
CAD-0079,Siemens,SIRIUS 3SK,Safety output expansion module,Siemens SIRIUS 3SK Safety output expansion module,Configuration required,pending_part_selection,https://www.siemens.com/cax,,,,
CAD-0080,Siemens,SIRIUS 3SK,Device connector or wiring base,Siemens SIRIUS 3SK Device connector or wiring base,Configuration required,pending_part_selection,https://www.siemens.com/cax,,,,
CAD-0081,Siemens,SIRIUS 3RT,Safety contactor 1,Siemens SIRIUS 3RT Safety contactor 1,Configuration required,pending_part_selection,https://www.siemens.com/cax,,,,
CAD-0082,Siemens,SIRIUS 3RT,Safety contactor 2,Siemens SIRIUS 3RT Safety contactor 2,Configuration required,pending_part_selection,https://www.siemens.com/cax,,,,
CAD-0083,Siemens,SIRIUS,Positively guided feedback contacts,Siemens SIRIUS Positively guided feedback contacts,Configuration required,pending_part_selection,https://www.siemens.com/cax,,,,
CAD-0084,Siemens,SIRIUS,Safety contactor surge suppressor,Siemens SIRIUS Safety contactor surge suppressor,Configuration required,pending_part_selection,https://www.siemens.com/cax,,,,
CAD-0085,Siemens,SIRIUS ACT 3SU1,Manual safety reset button,Siemens SIRIUS ACT 3SU1 Manual safety reset button,Configuration required,pending_part_selection,https://www.siemens.com/cax,,,,
CAD-0086,Siemens,SIRIUS ACT 3SU1,Key-operated safety reset,Siemens SIRIUS ACT 3SU1 Key-operated safety reset,Configuration required,pending_part_selection,https://www.siemens.com/cax,,,,
CAD-0087,Siemens,8WH terminal blocks,Feed-through terminal,Siemens 8WH Feed-through terminal,Configuration required,pending_part_selection,https://www.siemens.com/cax,,,,
CAD-0088,Siemens,8WH terminal blocks,Two-level terminal,Siemens 8WH Two-level terminal,Configuration required,pending_part_selection,https://www.siemens.com/cax,,,,
CAD-0089,Siemens,8WH terminal blocks,Three-level terminal,Siemens 8WH Three-level terminal,Configuration required,pending_part_selection,https://www.siemens.com/cax,,,,
CAD-0090,Siemens,8WH terminal blocks,PE/ground terminal,Siemens 8WH PE/ground terminal,Configuration required,pending_part_selection,https://www.siemens.com/cax,,,,
CAD-0091,Siemens,8WH terminal blocks,Neutral terminal,Siemens 8WH Neutral terminal,Configuration required,pending_part_selection,https://www.siemens.com/cax,,,,
CAD-0092,Siemens,8WH terminal blocks,Disconnect/knife terminal,Siemens 8WH Disconnect/knife terminal,Configuration required,pending_part_selection,https://www.siemens.com/cax,,,,
CAD-0093,Siemens,8WH terminal blocks,Fused terminal,Siemens 8WH Fused terminal,Configuration required,pending_part_selection,https://www.siemens.com/cax,,,,
CAD-0094,Siemens,8WH terminal blocks,Sensor/actuator distribution terminal,Siemens 8WH Sensor/actuator distribution terminal,Configuration required,pending_part_selection,https://www.siemens.com/cax,,,,
CAD-0095,Siemens,8WH terminal blocks,Thermocouple terminal,Siemens 8WH Thermocouple terminal,Configuration required,pending_part_selection,https://www.siemens.com/cax,,,,
CAD-0096,Siemens,8WH terminal blocks,Shield connection terminal,Siemens 8WH Shield connection terminal,Configuration required,pending_part_selection,https://www.siemens.com/cax,,,,
CAD-0097,Siemens,8WH terminal blocks,End plate,Siemens 8WH End plate,Configuration required,pending_part_selection,https://www.siemens.com/cax,,,,
CAD-0098,Siemens,8WH terminal blocks,End bracket/stop,Siemens 8WH End bracket/stop,Configuration required,pending_part_selection,https://www.siemens.com/cax,,,,
CAD-0099,Siemens,8WH terminal blocks,Partition plate,Siemens 8WH Partition plate,Configuration required,pending_part_selection,https://www.siemens.com/cax,,,,
CAD-0100,Siemens,8WH terminal blocks,Fixed bridge,Siemens 8WH Fixed bridge,Configuration required,pending_part_selection,https://www.siemens.com/cax,,,,
CAD-0101,Siemens,8WH terminal blocks,Plug-in bridge,Siemens 8WH Plug-in bridge,Configuration required,pending_part_selection,https://www.siemens.com/cax,,,,
CAD-0102,Siemens,8WH terminal blocks,Test plug/socket,Siemens 8WH Test plug/socket,Configuration required,pending_part_selection,https://www.siemens.com/cax,,,,
CAD-0103,Siemens,8WH terminal blocks,Marker carrier and terminal marker,Siemens 8WH Marker carrier and terminal marker,Configuration required,pending_part_selection,https://www.siemens.com/cax,,,,
CAD-0104,Siemens,8WH terminal blocks,Group marker,Siemens 8WH Group marker,Configuration required,pending_part_selection,https://www.siemens.com/cax,,,,
CAD-0105,Siemens,8WH terminal blocks,Shield busbar and clamp,Siemens 8WH Shield busbar and clamp,Configuration required,pending_part_selection,https://www.siemens.com/cax,,,,
CAD-0106,Vendor neutral,Project-selected routing hardware,Slotted wiring duct,Slotted wiring duct,Configuration required,pending_part_selection,,,,,
CAD-0107,Vendor neutral,Project-selected routing hardware,Solid-wall wiring duct,Solid-wall wiring duct,Configuration required,pending_part_selection,,,,,
CAD-0108,Vendor neutral,Project-selected routing hardware,Wiring duct cover,Wiring duct cover,Configuration required,pending_part_selection,,,,,
CAD-0109,Vendor neutral,Project-selected routing hardware,Horizontal duct,Horizontal duct,Configuration required,pending_part_selection,,,,,
CAD-0110,Vendor neutral,Project-selected routing hardware,Vertical duct,Vertical duct,Configuration required,pending_part_selection,,,,,
CAD-0111,Vendor neutral,Project-selected routing hardware,DIN rail 35 x 7.5 mm,DIN rail 35 x 7.5 mm,Configuration required,pending_part_selection,,,,,
CAD-0112,Vendor neutral,Project-selected routing hardware,DIN rail 35 x 15 mm,DIN rail 35 x 15 mm,Configuration required,pending_part_selection,,,,,
CAD-0113,Vendor neutral,Project-selected routing hardware,Mounting channel,Mounting channel,Configuration required,pending_part_selection,,,,,
CAD-0114,Vendor neutral,Project-selected routing hardware,Cable tray or ladder tray,Cable tray or ladder tray,Configuration required,pending_part_selection,,,,,
CAD-0115,Vendor neutral,Project-selected routing hardware,Wireway,Wireway,Configuration required,pending_part_selection,,,,,
CAD-0116,Vendor neutral,Project-selected routing hardware,Bend,Bend,Configuration required,pending_part_selection,,,,,
CAD-0117,Vendor neutral,Project-selected routing hardware,Tee,Tee,Configuration required,pending_part_selection,,,,,
CAD-0118,Vendor neutral,Project-selected routing hardware,Reducer,Reducer,Configuration required,pending_part_selection,,,,,
CAD-0119,Vendor neutral,Project-selected routing hardware,Coupler,Coupler,Configuration required,pending_part_selection,,,,,
CAD-0120,Vendor neutral,Project-selected routing hardware,End cap,End cap,Configuration required,pending_part_selection,,,,,
CAD-0121,Vendor neutral,Project-selected routing hardware,Divider,Divider,Configuration required,pending_part_selection,,,,,
CAD-0122,Siemens,SIRIUS ACT 3SU1,"Emergency-stop complete unit, twist release",3SU1100-1HB20-1FG0,Exact catalog seed,pending_download,https://www.siemens.com/cax,,,,
CAD-0123,Siemens,SIRIUS ACT 3SU1,"Emergency-stop actuator, twist release",3SU1000-1HB20-0AA0,Exact catalog seed,pending_download,https://www.siemens.com/cax,,,,
CAD-0124,Siemens,SIRIUS ACT 3SU1,"Emergency stop, pull release",Siemens 3SU1 emergency stop pull release,Configuration required,pending_part_selection,https://www.siemens.com/cax,,,,
CAD-0125,Siemens,SIRIUS ACT 3SU1,Illuminated emergency stop,Siemens 3SU1 illuminated emergency stop,Configuration required,pending_part_selection,https://www.siemens.com/cax,,,,
CAD-0126,Siemens,SIRIUS ACT 3SU1,Emergency stop with protective shroud,Siemens 3SU1 emergency stop shroud,Configuration required,pending_part_selection,https://www.siemens.com/cax,,,,
CAD-0127,Siemens,SIRIUS ACT 3SU1,Emergency stop in yellow enclosure,Siemens 3SU1 emergency stop enclosure,Configuration required,pending_part_selection,https://www.siemens.com/cax,,,,
CAD-0128,Siemens,SIRIUS ACT 3SU1,Positive-opening NC contact block,Siemens 3SU1 positive opening NC contact,Configuration required,pending_part_selection,https://www.siemens.com/cax,,,,
CAD-0129,Siemens,SIRIUS ACT 3SU1,NO monitoring contact,Siemens 3SU1 NO contact block,Configuration required,pending_part_selection,https://www.siemens.com/cax,,,,
CAD-0130,Siemens,SIRIUS ACT 3SU1,3SU1 holder,Siemens 3SU1 holder,Configuration required,pending_part_selection,https://www.siemens.com/cax,,,,
CAD-0131,Siemens,SIRIUS ACT 3SU1,Emergency-stop legend/backing plate,Siemens 3SU1 emergency stop backing plate,Configuration required,pending_part_selection,https://www.siemens.com/cax,,,,
CAD-0132,Siemens,SIRIUS ACT 3SU1,Green illuminated START momentary NO,Siemens 3SU1 Green illuminated START momentary NO,Configuration required,pending_part_selection,https://www.siemens.com/cax,,,,
CAD-0133,Siemens,SIRIUS ACT 3SU1,Red illuminated STOP momentary NC,Siemens 3SU1 Red illuminated STOP momentary NC,Configuration required,pending_part_selection,https://www.siemens.com/cax,,,,
CAD-0134,Siemens,SIRIUS ACT 3SU1,Amber illuminated FAULT RESET,Siemens 3SU1 Amber illuminated FAULT RESET,Configuration required,pending_part_selection,https://www.siemens.com/cax,,,,
CAD-0135,Siemens,SIRIUS ACT 3SU1,Blue illuminated operator request,Siemens 3SU1 Blue illuminated operator request,Configuration required,pending_part_selection,https://www.siemens.com/cax,,,,
CAD-0136,Siemens,SIRIUS ACT 3SU1,White illuminated control power ON,Siemens 3SU1 White illuminated control power ON,Configuration required,pending_part_selection,https://www.siemens.com/cax,,,,
CAD-0137,Siemens,SIRIUS ACT 3SU1,Black non-illuminated JOG,Siemens 3SU1 Black non-illuminated JOG,Configuration required,pending_part_selection,https://www.siemens.com/cax,,,,
CAD-0138,Siemens,SIRIUS ACT 3SU1,Two-position maintained selector,Siemens 3SU1 Two-position maintained selector,Configuration required,pending_part_selection,https://www.siemens.com/cax,,,,
CAD-0139,Siemens,SIRIUS ACT 3SU1,Three-position selector,Siemens 3SU1 Three-position selector,Configuration required,pending_part_selection,https://www.siemens.com/cax,,,,
CAD-0140,Siemens,SIRIUS ACT 3SU1,Spring-return selector,Siemens 3SU1 Spring-return selector,Configuration required,pending_part_selection,https://www.siemens.com/cax,,,,
CAD-0141,Siemens,SIRIUS ACT 3SU1,Keyed AUTO/MANUAL selector,Siemens 3SU1 Keyed AUTO/MANUAL selector,Configuration required,pending_part_selection,https://www.siemens.com/cax,,,,
CAD-0142,Siemens,SIRIUS ACT 3SU1,Illuminated reset button,Siemens 3SU1 Illuminated reset button,Configuration required,pending_part_selection,https://www.siemens.com/cax,,,,
CAD-0143,Siemens,SIRIUS ACT 3SU1,Red pilot light,Siemens 3SU1 Red pilot light,Configuration required,pending_part_selection,https://www.siemens.com/cax,,,,
CAD-0144,Siemens,SIRIUS ACT 3SU1,Amber pilot light,Siemens 3SU1 Amber pilot light,Configuration required,pending_part_selection,https://www.siemens.com/cax,,,,
CAD-0145,Siemens,SIRIUS ACT 3SU1,Green pilot light,Siemens 3SU1 Green pilot light,Configuration required,pending_part_selection,https://www.siemens.com/cax,,,,
CAD-0146,Siemens,SIRIUS ACT 3SU1,Blue pilot light,Siemens 3SU1 Blue pilot light,Configuration required,pending_part_selection,https://www.siemens.com/cax,,,,
CAD-0147,Siemens,SIRIUS ACT 3SU1,White pilot light,Siemens 3SU1 White pilot light,Configuration required,pending_part_selection,https://www.siemens.com/cax,,,,
CAD-0148,Siemens,SIRIUS ACT 3SU1,Contact block,Siemens 3SU1 Contact block,Configuration required,pending_part_selection,https://www.siemens.com/cax,,,,
CAD-0149,Siemens,SIRIUS ACT 3SU1,LED module,Siemens 3SU1 LED module,Configuration required,pending_part_selection,https://www.siemens.com/cax,,,,
CAD-0150,Siemens,SIRIUS ACT 3SU1,Holder,Siemens 3SU1 Holder,Configuration required,pending_part_selection,https://www.siemens.com/cax,,,,
CAD-0151,Siemens,SIRIUS ACT 3SU1,Legend plate,Siemens 3SU1 Legend plate,Configuration required,pending_part_selection,https://www.siemens.com/cax,,,,
CAD-0152,Siemens,SIRIUS ACT 3SU1,Operator enclosure,Siemens 3SU1 Operator enclosure,Configuration required,pending_part_selection,https://www.siemens.com/cax,,,,
CAD-0153,Siemens,8WD44/8WD46 signaling column,Mounting base,Siemens 8WD44 8WD46 Mounting base,Configuration required,pending_part_selection,https://www.siemens.com/cax,,,,
CAD-0154,Siemens,8WD44/8WD46 signaling column,Vertical tube,Siemens 8WD44 8WD46 Vertical tube,Configuration required,pending_part_selection,https://www.siemens.com/cax,,,,
CAD-0155,Siemens,8WD44/8WD46 signaling column,Angle bracket,Siemens 8WD44 8WD46 Angle bracket,Configuration required,pending_part_selection,https://www.siemens.com/cax,,,,
CAD-0156,Siemens,8WD44/8WD46 signaling column,Connection element,Siemens 8WD44 8WD46 Connection element,Configuration required,pending_part_selection,https://www.siemens.com/cax,,,,
CAD-0157,Siemens,8WD44/8WD46 signaling column,Red LED element,Siemens 8WD44 8WD46 Red LED element,Configuration required,pending_part_selection,https://www.siemens.com/cax,,,,
CAD-0158,Siemens,8WD44/8WD46 signaling column,Amber LED element,Siemens 8WD44 8WD46 Amber LED element,Configuration required,pending_part_selection,https://www.siemens.com/cax,,,,
CAD-0159,Siemens,8WD44/8WD46 signaling column,Green LED element,Siemens 8WD44 8WD46 Green LED element,Configuration required,pending_part_selection,https://www.siemens.com/cax,,,,
CAD-0160,Siemens,8WD44/8WD46 signaling column,Blue or white LED element,Siemens 8WD44 8WD46 Blue or white LED element,Configuration required,pending_part_selection,https://www.siemens.com/cax,,,,
CAD-0161,Siemens,8WD44/8WD46 signaling column,Audible element/buzzer,Siemens 8WD44 8WD46 Audible element/buzzer,Configuration required,pending_part_selection,https://www.siemens.com/cax,,,,
CAD-0162,Siemens,8WD44/8WD46 signaling column,Top cap,Siemens 8WD44 8WD46 Top cap,Configuration required,pending_part_selection,https://www.siemens.com/cax,,,,
CAD-0163,Siemens,8WD44/8WD46 signaling column,M12 connection adapter,Siemens 8WD44 8WD46 M12 connection adapter,Configuration required,pending_part_selection,https://www.siemens.com/cax,,,,
CAD-0164,Siemens,8WD44/8WD46 signaling column,IO-Link stack-light assembly,Siemens 8WD44 8WD46 IO-Link stack-light assembly,Configuration required,pending_part_selection,https://www.siemens.com/cax,,,,
CAD-0165,Siemens,8WD44/8WD46 signaling column,Conventional 24 VDC stack-light assembly,Siemens 8WD44 8WD46 Conventional 24 VDC stack-light assembly,Configuration required,pending_part_selection,https://www.siemens.com/cax,,,,
CAD-0166,Siemens,SIRIUS 3SE71,Single-sided pull-rope safety switch,Siemens 3SE71 Single-sided pull-rope safety switch,Configuration required,pending_part_selection,https://www.siemens.com/cax,,,,
CAD-0167,Siemens,SIRIUS 3SE71,Two-sided pull-rope safety switch,Siemens 3SE71 Two-sided pull-rope safety switch,Configuration required,pending_part_selection,https://www.siemens.com/cax,,,,
CAD-0168,Siemens,SIRIUS 3SE71,Pull-rope switch with emergency-stop button,Siemens 3SE71 Pull-rope switch with emergency-stop button,Configuration required,pending_part_selection,https://www.siemens.com/cax,,,,
CAD-0169,Siemens,SIRIUS 3SE71,Pull rope,Siemens 3SE71 Pull rope,Configuration required,pending_part_selection,https://www.siemens.com/cax,,,,
CAD-0170,Siemens,SIRIUS 3SE71,Red rope marker flags,Siemens 3SE71 Red rope marker flags,Configuration required,pending_part_selection,https://www.siemens.com/cax,,,,
CAD-0171,Siemens,SIRIUS 3SE71,Rope tensioner,Siemens 3SE71 Rope tensioner,Configuration required,pending_part_selection,https://www.siemens.com/cax,,,,
CAD-0172,Siemens,SIRIUS 3SE71,Tension spring,Siemens 3SE71 Tension spring,Configuration required,pending_part_selection,https://www.siemens.com/cax,,,,
CAD-0173,Siemens,SIRIUS 3SE71,Turnbuckle,Siemens 3SE71 Turnbuckle,Configuration required,pending_part_selection,https://www.siemens.com/cax,,,,
CAD-0174,Siemens,SIRIUS 3SE71,Eye bolts,Siemens 3SE71 Eye bolts,Configuration required,pending_part_selection,https://www.siemens.com/cax,,,,
CAD-0175,Siemens,SIRIUS 3SE71,Rope thimbles,Siemens 3SE71 Rope thimbles,Configuration required,pending_part_selection,https://www.siemens.com/cax,,,,
CAD-0176,Siemens,SIRIUS 3SE71,Rope clamps,Siemens 3SE71 Rope clamps,Configuration required,pending_part_selection,https://www.siemens.com/cax,,,,
CAD-0177,Siemens,SIRIUS 3SE71,Support pulleys,Siemens 3SE71 Support pulleys,Configuration required,pending_part_selection,https://www.siemens.com/cax,,,,
CAD-0178,Siemens,SIRIUS 3SE71,Corner pulleys,Siemens 3SE71 Corner pulleys,Configuration required,pending_part_selection,https://www.siemens.com/cax,,,,
CAD-0179,Siemens,SIRIUS 3SE71,End anchor,Siemens 3SE71 End anchor,Configuration required,pending_part_selection,https://www.siemens.com/cax,,,,
CAD-0180,Siemens,SIRIUS 3SE71,Reset mechanism,Siemens 3SE71 Reset mechanism,Configuration required,pending_part_selection,https://www.siemens.com/cax,,,,
CAD-0181,Siemens,SIRIUS 3SE71,Mounting bracket,Siemens 3SE71 Mounting bracket,Configuration required,pending_part_selection,https://www.siemens.com/cax,,,,
CAD-0182,Siemens,SIRIUS 3SE71,Status indicator,Siemens 3SE71 Status indicator,Configuration required,pending_part_selection,https://www.siemens.com/cax,,,,
CAD-0183,Siemens,SIRIUS 3SE5/3SE6,Metal-body limit switch,Siemens 3SE5 3SE6 Metal-body limit switch,Configuration required,pending_part_selection,https://www.siemens.com/cax,,,,
CAD-0184,Siemens,SIRIUS 3SE5/3SE6,Plastic-body limit switch,Siemens 3SE5 3SE6 Plastic-body limit switch,Configuration required,pending_part_selection,https://www.siemens.com/cax,,,,
CAD-0185,Siemens,SIRIUS 3SE5/3SE6,Rounded plunger head,Siemens 3SE5 3SE6 Rounded plunger head,Configuration required,pending_part_selection,https://www.siemens.com/cax,,,,
CAD-0186,Siemens,SIRIUS 3SE5/3SE6,Roller plunger head,Siemens 3SE5 3SE6 Roller plunger head,Configuration required,pending_part_selection,https://www.siemens.com/cax,,,,
CAD-0187,Siemens,SIRIUS 3SE5/3SE6,Roller lever head,Siemens 3SE5 3SE6 Roller lever head,Configuration required,pending_part_selection,https://www.siemens.com/cax,,,,
CAD-0188,Siemens,SIRIUS 3SE5/3SE6,Adjustable roller lever head,Siemens 3SE5 3SE6 Adjustable roller lever head,Configuration required,pending_part_selection,https://www.siemens.com/cax,,,,
CAD-0189,Siemens,SIRIUS 3SE5/3SE6,Fork lever head,Siemens 3SE5 3SE6 Fork lever head,Configuration required,pending_part_selection,https://www.siemens.com/cax,,,,
CAD-0190,Siemens,SIRIUS 3SE5/3SE6,Hinge lever head,Siemens 3SE5 3SE6 Hinge lever head,Configuration required,pending_part_selection,https://www.siemens.com/cax,,,,
CAD-0191,Siemens,SIRIUS 3SE5/3SE6,Separate actuator,Siemens 3SE5 3SE6 Separate actuator,Configuration required,pending_part_selection,https://www.siemens.com/cax,,,,
CAD-0192,Siemens,SIRIUS 3SE5/3SE6,Positive-opening safety position switch,Siemens 3SE5 3SE6 Positive-opening safety position switch,Configuration required,pending_part_selection,https://www.siemens.com/cax,,,,
CAD-0193,Siemens,SIRIUS 3SE5/3SE6,Guard-door position switch,Siemens 3SE5 3SE6 Guard-door position switch,Configuration required,pending_part_selection,https://www.siemens.com/cax,,,,
CAD-0194,Siemens,SIRIUS 3SE5/3SE6,Solenoid guard interlock,Siemens 3SE5 3SE6 Solenoid guard interlock,Configuration required,pending_part_selection,https://www.siemens.com/cax,,,,
CAD-0195,Siemens,SIRIUS 3SE5/3SE6,Coded RFID safety switch,Siemens 3SE5 3SE6 Coded RFID safety switch,Configuration required,pending_part_selection,https://www.siemens.com/cax,,,,
CAD-0196,Siemens,SIRIUS 3SE5/3SE6,Magnetic safety switch,Siemens 3SE5 3SE6 Magnetic safety switch,Configuration required,pending_part_selection,https://www.siemens.com/cax,,,,
CAD-0197,Siemens,SIRIUS 3SE5/3SE6,Safety hinge switch,Siemens 3SE5 3SE6 Safety hinge switch,Configuration required,pending_part_selection,https://www.siemens.com/cax,,,,
CAD-0198,Vendor neutral,Project-selected industrial sensor,Inductive proximity sensor,Inductive proximity sensor,Configuration required,pending_part_selection,,,,,
CAD-0199,Vendor neutral,Project-selected industrial sensor,Capacitive proximity sensor,Capacitive proximity sensor,Configuration required,pending_part_selection,,,,,
CAD-0200,Vendor neutral,Project-selected industrial sensor,Diffuse photoelectric sensor,Diffuse photoelectric sensor,Configuration required,pending_part_selection,,,,,
CAD-0201,Vendor neutral,Project-selected industrial sensor,Retroreflective sensor,Retroreflective sensor,Configuration required,pending_part_selection,,,,,
CAD-0202,Vendor neutral,Project-selected industrial sensor,Reflector,Reflector,Configuration required,pending_part_selection,,,,,
CAD-0203,Vendor neutral,Project-selected industrial sensor,Through-beam transmitter,Through-beam transmitter,Configuration required,pending_part_selection,,,,,
CAD-0204,Vendor neutral,Project-selected industrial sensor,Through-beam receiver,Through-beam receiver,Configuration required,pending_part_selection,,,,,
CAD-0205,Vendor neutral,Project-selected industrial sensor,Ultrasonic sensor,Ultrasonic sensor,Configuration required,pending_part_selection,,,,,
CAD-0206,Vendor neutral,Project-selected industrial sensor,Magnetic cylinder sensor,Magnetic cylinder sensor,Configuration required,pending_part_selection,,,,,
CAD-0207,Siemens,SIMATIC HMI Basic,KTP400 Basic Color,6AV2123-2DB03-0AX0,Exact catalog seed,pending_download,https://www.siemens.com/cax,,,,
CAD-0208,Siemens,SIMATIC HMI Basic,KTP700 Basic Color,6AV2123-2GB03-0AX0,Exact catalog seed,pending_download,https://www.siemens.com/cax,,,,
CAD-0209,Siemens,SIMATIC HMI Basic,KTP900 Basic Color,6AV2123-2JB03-0AX0,Exact catalog seed,pending_download,https://www.siemens.com/cax,,,,
CAD-0210,Siemens,SIMATIC HMI Basic,KTP1200 Basic Color,6AV2123-2MB03-0AX0,Exact catalog seed,pending_download,https://www.siemens.com/cax,,,,
CAD-0211,Siemens,SIMATIC HMI Unified,MTP700 Unified Basic,Siemens MTP700 Unified Basic,Configuration required,pending_part_selection,https://www.siemens.com/cax,,,,
CAD-0212,Siemens,SIMATIC HMI Unified,MTP1000 Unified Basic,Siemens MTP1000 Unified Basic,Configuration required,pending_part_selection,https://www.siemens.com/cax,,,,
CAD-0213,Siemens,SIMATIC HMI Unified,MTP700 Unified Comfort,Siemens MTP700 Unified Comfort,Configuration required,pending_part_selection,https://www.siemens.com/cax,,,,
CAD-0214,Siemens,SIMATIC HMI Unified,MTP1000 Unified Comfort,Siemens MTP1000 Unified Comfort,Configuration required,pending_part_selection,https://www.siemens.com/cax,,,,
CAD-0215,Siemens,SIMATIC HMI Unified,MTP1200 Unified Comfort,Siemens MTP1200 Unified Comfort,Configuration required,pending_part_selection,https://www.siemens.com/cax,,,,
CAD-0216,Siemens,SIMATIC HMI Unified,MTP1500 Unified Comfort,Siemens MTP1500 Unified Comfort,Configuration required,pending_part_selection,https://www.siemens.com/cax,,,,
CAD-0217,Siemens,SITRANS temperature,SITRANS TS100 temperature sensor,Siemens SITRANS TS100 temperature sensor,Configuration required,pending_part_selection,https://www.siemens.com/cax,,,,
CAD-0218,Siemens,SITRANS temperature,SITRANS TS200 compact temperature sensor,Siemens SITRANS TS200 compact temperature sensor,Configuration required,pending_part_selection,https://www.siemens.com/cax,,,,
CAD-0219,Siemens,SITRANS temperature,SITRANS TS300 temperature sensor,Siemens SITRANS TS300 temperature sensor,Configuration required,pending_part_selection,https://www.siemens.com/cax,,,,
CAD-0220,Siemens,SITRANS temperature,SITRANS TS500 process assembly,Siemens SITRANS TS500 process assembly,Configuration required,pending_part_selection,https://www.siemens.com/cax,,,,
CAD-0221,Siemens,SITRANS temperature,SITRANS TH100 head transmitter,Siemens SITRANS TH100 head transmitter,Configuration required,pending_part_selection,https://www.siemens.com/cax,,,,
CAD-0222,Siemens,SITRANS temperature,SITRANS TH200/TH300 head transmitter,Siemens SITRANS TH200/TH300 head transmitter,Configuration required,pending_part_selection,https://www.siemens.com/cax,,,,
CAD-0223,Siemens,SITRANS temperature,SITRANS TH320/TH420 HART transmitter,Siemens SITRANS TH320/TH420 HART transmitter,Configuration required,pending_part_selection,https://www.siemens.com/cax,,,,
CAD-0224,Siemens,SITRANS temperature,SITRANS TF field-mounted transmitter,Siemens SITRANS TF field-mounted transmitter,Configuration required,pending_part_selection,https://www.siemens.com/cax,,,,
CAD-0225,Siemens,SITRANS temperature,Pt100 RTD probe,Siemens Pt100 RTD probe,Configuration required,pending_part_selection,https://www.siemens.com/cax,,,,
CAD-0226,Siemens,SITRANS temperature,Thermocouple assembly,Siemens Thermocouple assembly,Configuration required,pending_part_selection,https://www.siemens.com/cax,,,,
CAD-0227,Siemens,SITRANS temperature,Thermowell,Siemens Thermowell,Configuration required,pending_part_selection,https://www.siemens.com/cax,,,,
CAD-0228,Siemens,SITRANS temperature,Transmitter head,Siemens Transmitter head,Configuration required,pending_part_selection,https://www.siemens.com/cax,,,,
CAD-0229,Siemens,SITRANS temperature,DIN-rail temperature transmitter,Siemens DIN-rail temperature transmitter,Configuration required,pending_part_selection,https://www.siemens.com/cax,,,,
CAD-0230,Siemens,SITRANS pressure,SITRANS P200 compact pressure transmitter,Siemens SITRANS P200 compact pressure transmitter,Configuration required,pending_part_selection,https://www.siemens.com/cax,,,,
CAD-0231,Siemens,SITRANS pressure,SITRANS P210 compact pressure transmitter,Siemens SITRANS P210 compact pressure transmitter,Configuration required,pending_part_selection,https://www.siemens.com/cax,,,,
CAD-0232,Siemens,SITRANS pressure,SITRANS P220 compact pressure transmitter,Siemens SITRANS P220 compact pressure transmitter,Configuration required,pending_part_selection,https://www.siemens.com/cax,,,,
CAD-0233,Siemens,SITRANS pressure,SITRANS P300 hygienic pressure transmitter,Siemens SITRANS P300 hygienic pressure transmitter,Configuration required,pending_part_selection,https://www.siemens.com/cax,,,,
CAD-0234,Siemens,SITRANS pressure,SITRANS P320 pressure transmitter,Siemens SITRANS P320 pressure transmitter,Configuration required,pending_part_selection,https://www.siemens.com/cax,,,,
CAD-0235,Siemens,SITRANS pressure,SITRANS P420 pressure transmitter,Siemens SITRANS P420 pressure transmitter,Configuration required,pending_part_selection,https://www.siemens.com/cax,,,,
CAD-0236,Siemens,SITRANS pressure,Gauge-pressure configuration,Siemens Gauge-pressure configuration,Configuration required,pending_part_selection,https://www.siemens.com/cax,,,,
CAD-0237,Siemens,SITRANS pressure,Absolute-pressure configuration,Siemens Absolute-pressure configuration,Configuration required,pending_part_selection,https://www.siemens.com/cax,,,,
CAD-0238,Siemens,SITRANS pressure,Differential-pressure configuration,Siemens Differential-pressure configuration,Configuration required,pending_part_selection,https://www.siemens.com/cax,,,,
CAD-0239,Siemens,SITRANS pressure,Flush-diaphragm configuration,Siemens Flush-diaphragm configuration,Configuration required,pending_part_selection,https://www.siemens.com/cax,,,,
CAD-0240,Siemens,SITRANS pressure,Three- or five-valve manifold,Siemens Three- or five-valve manifold,Configuration required,pending_part_selection,https://www.siemens.com/cax,,,,
CAD-0241,Siemens,SITRANS pressure,Root valve,Siemens Root valve,Configuration required,pending_part_selection,https://www.siemens.com/cax,,,,
CAD-0242,Siemens,SITRANS pressure,Impulse tubing and fittings,Siemens Impulse tubing and fittings,Configuration required,pending_part_selection,https://www.siemens.com/cax,,,,
CAD-0243,Siemens,SITRANS pressure,Pressure-transmitter mounting bracket,Siemens Pressure-transmitter mounting bracket,Configuration required,pending_part_selection,https://www.siemens.com/cax,,,,
CAD-0244,Siemens,24 VDC two-wire 4-20 mA loop,24 VDC loop power source,24 VDC loop power source,Configuration required,pending_part_selection,https://www.siemens.com/cax,,,,
CAD-0245,Vendor neutral,24 VDC two-wire 4-20 mA loop,Fused/electronically protected distribution terminal,Fused/electronically protected distribution terminal,Configuration required,pending_part_selection,,,,,
CAD-0246,Vendor neutral,24 VDC two-wire 4-20 mA loop,Disconnect/test terminal,Disconnect/test terminal,Configuration required,pending_part_selection,,,,,
CAD-0247,Siemens,24 VDC two-wire 4-20 mA loop,Analog input module,Analog input module,Configuration required,pending_part_selection,https://www.siemens.com/cax,,,,
CAD-0248,Vendor neutral,24 VDC two-wire 4-20 mA loop,Shielded twisted-pair cable,Shielded twisted-pair cable,Configuration required,pending_part_selection,,,,,
CAD-0249,Vendor neutral,24 VDC two-wire 4-20 mA loop,Shield clamp and grounding point,Shield clamp and grounding point,Configuration required,pending_part_selection,,,,,
CAD-0250,Vendor neutral,24 VDC two-wire 4-20 mA loop,Cable gland or cord grip,Cable gland or cord grip,Configuration required,pending_part_selection,,,,,
CAD-0251,Vendor neutral,24 VDC two-wire 4-20 mA loop,Loop surge protector,Loop surge protector,Configuration required,pending_part_selection,,,,,
CAD-0252,Vendor neutral,24 VDC two-wire 4-20 mA loop,Galvanic isolator,Galvanic isolator,Configuration required,pending_part_selection,,,,,
CAD-0253,Vendor neutral,24 VDC two-wire 4-20 mA loop,Field junction box,Field junction box,Configuration required,pending_part_selection,,,,,
CAD-0254,Vendor neutral,24 VDC two-wire 4-20 mA loop,Terminal markers,Terminal markers,Configuration required,pending_part_selection,,,,,
CAD-0255,Vendor neutral,24 VDC two-wire 4-20 mA loop,Wire markers,Wire markers,Configuration required,pending_part_selection,,,,,
CAD-0256,Vendor neutral,24 VDC two-wire 4-20 mA loop,Ferrules,Ferrules,Configuration required,pending_part_selection,,,,,
CAD-0257,Vendor neutral,Project-selected galvanized outlet assembly,Galvanized industrial outlet box,Galvanized industrial outlet box,Configuration required,pending_part_selection,,,,,
CAD-0258,Vendor neutral,Project-selected galvanized outlet assembly,Industrial receptacle,Industrial receptacle,Configuration required,pending_part_selection,,,,,
CAD-0259,Vendor neutral,Project-selected galvanized outlet assembly,Weatherproof cover,Weatherproof cover,Configuration required,pending_part_selection,,,,,
CAD-0260,Vendor neutral,Project-selected galvanized outlet assembly,GFCI protection,GFCI protection,Configuration required,pending_part_selection,,,,,
CAD-0261,Vendor neutral,Project-selected galvanized outlet assembly,Branch circuit breaker,Branch circuit breaker,Configuration required,pending_part_selection,,,,,
CAD-0262,Vendor neutral,Project-selected galvanized outlet assembly,Equipment-ground terminal,Equipment-ground terminal,Configuration required,pending_part_selection,,,,,
CAD-0263,Vendor neutral,Project-selected galvanized outlet assembly,Neutral terminal,Neutral terminal,Configuration required,pending_part_selection,,,,,
CAD-0264,Vendor neutral,Project-selected galvanized outlet assembly,DIN-rail grounding block,DIN-rail grounding block,Configuration required,pending_part_selection,,,,,
CAD-0265,Vendor neutral,Project-selected galvanized outlet assembly,Cable gland or conduit hub,Cable gland or conduit hub,Configuration required,pending_part_selection,,,,,
CAD-0266,Vendor neutral,Project-selected galvanized outlet assembly,Rigid conduit fitting,Rigid conduit fitting,Configuration required,pending_part_selection,,,,,
CAD-0267,Vendor neutral,Project-selected galvanized outlet assembly,Flexible conduit fitting,Flexible conduit fitting,Configuration required,pending_part_selection,,,,,
CAD-0268,Vendor neutral,Project-selected galvanized outlet assembly,Cord connector,Cord connector,Configuration required,pending_part_selection,,,,,
CAD-0269,Vendor neutral,Project-selected galvanized outlet assembly,Voltage/warning label,Voltage/warning label,Configuration required,pending_part_selection,,,,,
CAD-0270,Vendor neutral,Project-selected galvanized outlet assembly,Mounting hardware,Mounting hardware,Configuration required,pending_part_selection,,,,,
CAD-0271,Vendor neutral,Project-approved termination system,Insulated single-wire ferrule,Insulated single-wire ferrule,Configuration required,pending_part_selection,,,,,
CAD-0272,Vendor neutral,Project-approved termination system,Twin ferrule,Twin ferrule,Configuration required,pending_part_selection,,,,,
CAD-0273,Vendor neutral,Project-approved termination system,Long-barrel ferrule,Long-barrel ferrule,Configuration required,pending_part_selection,,,,,
CAD-0274,Vendor neutral,Project-approved termination system,Ferrule assortment by conductor size,Ferrule assortment by conductor size,Configuration required,pending_part_selection,,,,,
CAD-0275,Vendor neutral,Project-approved termination system,Ratcheting ferrule crimp tool,Ratcheting ferrule crimp tool,Configuration required,pending_part_selection,,,,,
CAD-0276,Vendor neutral,Project-approved termination system,Ring terminal,Ring terminal,Configuration required,pending_part_selection,,,,,
CAD-0277,Vendor neutral,Project-approved termination system,Fork terminal,Fork terminal,Configuration required,pending_part_selection,,,,,
CAD-0278,Vendor neutral,Project-approved termination system,Large-conductor cable lug,Large-conductor cable lug,Configuration required,pending_part_selection,,,,,
CAD-0279,Vendor neutral,Project-approved termination system,Heat-shrink marker,Heat-shrink marker,Configuration required,pending_part_selection,,,,,
CAD-0280,Vendor neutral,Project-approved termination system,Shield termination clamp,Shield termination clamp,Configuration required,pending_part_selection,,,,,
CAD-0281,Vendor neutral,Project-approved termination system,Cord grip/cable gland,Cord grip/cable gland,Configuration required,pending_part_selection,,,,,
CAD-0282,Vendor neutral,Project-approved termination system,RJ45 connector,RJ45 connector,Configuration required,pending_part_selection,,,,,
CAD-0283,Vendor neutral,Project-approved termination system,M12 connector,M12 connector,Configuration required,pending_part_selection,,,,,
CAD-0284,Vendor neutral,Project-approved termination system,D-sub connector,D-sub connector,Configuration required,pending_part_selection,,,,,
CAD-0285,Vendor neutral,Project-approved termination system,Removable terminal connector,Removable terminal connector,Configuration required,pending_part_selection,,,,,
